site,week_start,log10_conc,z_score,spectral_score,severity,n_obs,n_samples_in_week,in_known_wave,network_onset,sustained_shift
Shieldhall,2020-08-31,3.920,2.892,0.967,AMBER,12,4,,false,true
Fort William,2020-09-28,5.121,22.569,0.913,CRITICAL,8,1,,false,true
Fort William,2020-10-12,4.207,12.938,0.904,CRITICAL,9,1,,false,true
Levenmouth,2020-10-19,4.631,1.545,0.906,AMBER,12,4,,false,true
Fort William,2020-10-26,5.215,22.526,0.871,CRITICAL,10,1,,false,true
Lockerbie,2020-11-09,5.040,4.421,0.918,RED,9,2,,false,false
Lockerbie,2020-11-23,4.309,2.441,0.917,AMBER,11,2,,false,true
Allanfearn,2021-01-04,4.841,2.731,0.861,AMBER,22,3,Alpha wave,false,false
Annan,2021-01-04,6.077,6.093,0.861,CRITICAL,9,1,Alpha wave,false,true
Annan,2021-01-11,5.521,4.423,0.775,RED,10,1,Alpha wave,false,false
Fort William,2021-01-11,5.620,9.954,0.775,CRITICAL,15,1,Alpha wave,false,true
Troqueer,2021-01-11,5.318,3.256,0.775,AMBER,15,1,Alpha wave,false,false
Annan,2021-01-18,4.239,1.210,0.906,AMBER,11,1,Alpha wave,false,true
Armadale,2021-02-08,5.051,1.071,0.826,AMBER,8,1,Alpha wave,true,false
Falkirk,2021-02-08,5.327,1.013,0.826,AMBER,20,1,Alpha wave,true,false
Fort William,2021-02-08,3.747,2.914,0.826,AMBER,18,1,Alpha wave,true,false
Helensburgh,2021-02-08,5.364,2.418,0.826,AMBER,18,1,Alpha wave,true,false
Nairn,2021-02-08,5.063,2.364,0.826,AMBER,15,1,Alpha wave,true,false
Whitburn,2021-02-08,5.688,1.563,0.826,AMBER,9,1,Alpha wave,true,false
Strathaven,2021-02-22,4.889,2.569,0.986,RED,8,1,,false,false
Dalbeattie,2021-03-01,4.603,2.693,0.887,AMBER,14,1,,false,false
Fort William,2021-03-01,4.118,2.948,0.887,AMBER,19,2,,false,true
Springfield,2021-03-15,4.329,2.528,0.863,AMBER,8,2,,false,false
Muirkirk,2021-04-12,4.967,2.760,0.872,AMBER,9,1,,false,false
Dunblane,2021-05-24,4.727,5.189,0.948,CRITICAL,8,2,,false,true
Fort William,2021-05-24,4.410,3.936,0.948,RED,26,1,,false,false
Alva,2021-05-31,4.992,2.612,0.851,AMBER,15,2,,true,false
Annan,2021-05-31,4.048,1.428,0.851,AMBER,26,1,,true,false
Bathgate,2021-05-31,4.529,1.173,0.851,AMBER,21,1,,true,false
Blackburn,2021-05-31,4.617,1.254,0.851,AMBER,23,2,,true,false
Boness,2021-05-31,4.076,1.183,0.851,AMBER,15,1,,true,false
Cumnock,2021-05-31,4.641,1.972,0.851,AMBER,14,1,,true,false
Dalmuir,2021-05-31,4.769,1.024,0.851,AMBER,42,2,,true,false
Dunblane,2021-05-31,3.854,1.460,0.851,AMBER,9,2,,true,false
Fauldhouse,2021-05-31,4.485,1.767,0.851,AMBER,21,2,,true,false
Fort William,2021-05-31,4.593,3.933,0.851,RED,27,2,,true,true
Hatton,2021-05-31,4.490,1.169,0.851,AMBER,39,3,,true,false
Ironmill Bay,2021-05-31,4.448,1.552,0.851,AMBER,17,2,,true,false
Kirkcaldy,2021-05-31,4.687,1.621,0.851,AMBER,18,2,,true,false
Lanark,2021-05-31,4.602,1.329,0.851,AMBER,17,1,,true,false
Newport & Tayport,2021-05-31,3.989,1.182,0.851,AMBER,13,2,,true,false
Paisley,2021-05-31,4.578,1.318,0.851,AMBER,15,2,,true,false
Perth,2021-05-31,4.518,2.084,0.851,AMBER,15,2,,true,false
Philipshill,2021-05-31,4.669,1.060,0.851,AMBER,41,1,,true,false
Seafield,2021-05-31,4.664,1.162,0.851,AMBER,37,3,,true,false
Shieldhall - Barrhead,2021-05-31,4.353,1.160,0.851,AMBER,8,2,,true,false
St Andrews,2021-05-31,4.353,1.163,0.851,AMBER,16,2,,true,false
Stevenston,2021-05-31,4.229,1.067,0.851,AMBER,17,2,,true,false
Stonehouse,2021-05-31,4.177,1.125,0.851,AMBER,18,1,,true,false
Whitburn,2021-05-31,4.194,1.235,0.851,AMBER,24,2,,true,false
Alva,2021-06-07,4.757,1.525,0.798,AMBER,16,2,,true,false
Ardoch,2021-06-07,3.870,1.447,0.798,AMBER,16,2,,true,false
Banff,2021-06-07,3.545,1.794,0.798,AMBER,8,3,,true,false
Blackburn,2021-06-07,4.781,1.192,0.798,AMBER,24,2,,true,false
Bowhouse,2021-06-07,3.737,1.374,0.798,AMBER,15,2,,true,false
Cumnock,2021-06-07,4.386,1.121,0.798,AMBER,15,1,,true,false
Dalmarnock,2021-06-07,4.754,1.340,0.798,AMBER,13,2,,true,false
Dalmuir - Auchinairn (6298),2021-06-07,4.599,5.782,0.798,CRITICAL,8,2,,true,true
Dalmuir - Auchinairn (6330),2021-06-07,4.590,3.180,0.798,AMBER,8,2,,true,false
Dunbar,2021-06-07,4.594,1.660,0.798,AMBER,10,1,,true,false
Dunblane,2021-06-07,4.434,2.709,0.798,AMBER,10,2,,true,false
Forfar,2021-06-07,4.716,2.469,0.798,AMBER,12,2,,true,false
Fort William,2021-06-07,4.461,3.089,0.798,AMBER,28,1,,true,false
Hatton,2021-06-07,4.834,1.503,0.798,AMBER,40,3,,true,false
Inverclyde - Gourock,2021-06-07,5.689,1.305,0.798,AMBER,8,2,,true,false
Kirkcaldy,2021-06-07,4.836,1.697,0.798,AMBER,19,2,,true,false
Kirkwall,2021-06-07,3.809,1.533,0.798,AMBER,21,1,,true,false
Linlithgow,2021-06-07,4.458,2.089,0.798,AMBER,24,2,,true,false
Maybole,2021-06-07,3.737,1.217,0.798,AMBER,12,1,,true,false
Meadowhead,2021-06-07,4.895,1.227,0.798,AMBER,38,3,,true,false
Nairn,2021-06-07,4.000,1.529,0.798,AMBER,25,1,,true,false
Newport & Tayport,2021-06-07,4.411,1.421,0.798,AMBER,14,2,,true,false
Nigg,2021-06-07,4.397,1.122,0.798,AMBER,45,2,,true,false
Perth,2021-06-07,4.605,1.716,0.798,AMBER,16,2,,true,false
Seafield,2021-06-07,4.836,1.055,0.798,AMBER,38,3,,true,false
Shieldhall - Barrhead,2021-06-07,4.475,1.040,0.798,AMBER,9,2,,true,false
Stonehouse,2021-06-07,4.565,1.344,0.798,AMBER,19,1,,true,false
Swinstie,2021-06-07,4.583,1.280,0.798,AMBER,17,1,,true,false
Tillicoultry,2021-06-07,4.974,2.278,0.798,AMBER,16,2,,true,false
Annan,2021-06-14,4.578,1.876,0.842,AMBER,27,1,,true,false
Armadale,2021-06-14,4.831,1.322,0.842,AMBER,25,2,,true,false
Bowhouse,2021-06-14,4.295,1.829,0.842,AMBER,16,2,,true,false
Cupar,2021-06-14,4.152,1.774,0.842,AMBER,17,2,,true,false
Daldowie,2021-06-14,4.706,1.334,0.842,AMBER,22,1,,true,false
Dalmuir - Auchinairn (6330),2021-06-14,4.670,2.078,0.842,AMBER,9,2,,true,false
Denny,2021-06-14,4.556,1.639,0.842,AMBER,17,2,,true,false
Dunblane,2021-06-14,7.200,7.655,0.842,CRITICAL,11,2,,true,true
Duns,2021-06-14,3.842,3.049,0.842,AMBER,12,2,,true,false
Fauldhouse,2021-06-14,4.866,1.607,0.842,AMBER,23,2,,true,false
Forfar,2021-06-14,4.652,1.592,0.842,AMBER,13,2,,true,false
Fort William,2021-06-14,4.002,1.076,0.842,AMBER,29,2,,true,false
Galashiels,2021-06-14,3.943,1.471,0.842,AMBER,29,1,,true,false
Girvan,2021-06-14,3.925,1.461,0.842,AMBER,11,1,,true,false
Guardbridge,2021-06-14,3.640,1.203,0.842,AMBER,13,2,,true,false
Harthill,2021-06-14,5.040,2.294,0.842,AMBER,19,1,,true,false
Ironmill Bay,2021-06-14,4.516,1.417,0.842,AMBER,19,2,,true,false
Kirkcaldy,2021-06-14,4.885,1.330,0.842,AMBER,20,2,,true,false
Lanark,2021-06-14,4.621,1.020,0.842,AMBER,19,1,,true,false
Largs,2021-06-14,4.066,1.223,0.842,AMBER,14,2,,true,false
Mauldslie,2021-06-14,4.984,2.371,0.842,AMBER,22,1,,true,false
Maybole,2021-06-14,4.455,1.819,0.842,AMBER,13,1,,true,false
Perth,2021-06-14,4.724,1.446,0.842,AMBER,17,2,,true,false
Springfield,2021-06-14,4.055,1.478,0.842,AMBER,19,2,,true,false
Troqueer,2021-06-14,4.201,1.602,0.842,AMBER,29,3,,true,false
Allanfearn,2021-06-21,4.372,1.317,0.584,AMBER,46,4,Delta wave,true,false
Allers,2021-06-21,4.890,1.599,0.584,AMBER,24,1,Delta wave,true,false
Ardoch,2021-06-21,4.053,1.112,0.584,AMBER,18,2,Delta wave,true,false
Armadale,2021-06-21,4.997,1.129,0.584,AMBER,26,2,Delta wave,true,false
Banff,2021-06-21,3.665,1.633,0.584,AMBER,10,2,Delta wave,true,false
Bathgate,2021-06-21,5.041,2.183,0.584,AMBER,24,2,Delta wave,true,false
Boness,2021-06-21,4.578,1.927,0.584,AMBER,18,2,Delta wave,true,false
Bowhouse,2021-06-21,4.776,2.022,0.584,AMBER,17,2,Delta wave,true,false
Cupar,2021-06-21,4.773,2.346,0.584,AMBER,18,2,Delta wave,true,false
Dalmarnock,2021-06-21,4.917,1.177,0.584,AMBER,15,2,Delta wave,true,false
Dalmuir,2021-06-21,5.065,1.142,0.584,AMBER,45,2,Delta wave,true,false
Dalmuir - Auchinairn (6298),2021-06-21,4.300,4.812,0.584,RED,10,2,Delta wave,true,true
Dalmuir - Auchinairn (6330),2021-06-21,4.569,1.168,0.584,AMBER,10,2,Delta wave,true,true
Dalmuir - Clydebank,2021-06-21,4.927,1.381,0.584,AMBER,8,2,Delta wave,true,false
Dunbar,2021-06-21,4.688,1.283,0.584,AMBER,12,1,Delta wave,true,false
Dunblane,2021-06-21,5.014,2.320,0.584,AMBER,12,2,Delta wave,true,false
Dunfermline,2021-06-21,4.947,1.328,0.584,AMBER,44,2,Delta wave,true,false
East Calder,2021-06-21,4.616,1.062,0.584,AMBER,26,2,Delta wave,true,false
Ellon,2021-06-21,3.954,1.794,0.584,AMBER,8,2,Delta wave,true,false
Fauldhouse,2021-06-21,5.216,1.692,0.584,AMBER,24,2,Delta wave,true,false
Fort William,2021-06-21,4.600,1.807,0.584,AMBER,30,1,Delta wave,true,false
Fraserburgh,2021-06-21,4.259,1.007,0.584,AMBER,20,2,Delta wave,true,false
Galashiels,2021-06-21,4.747,2.334,0.584,AMBER,30,1,Delta wave,true,false
Hatton,2021-06-21,5.193,1.553,0.584,AMBER,42,3,Delta wave,true,false
Hatton - Fintry East,2021-06-21,5.365,2.977,0.584,AMBER,8,2,Delta wave,true,false
Hawick,2021-06-21,4.958,2.391,0.584,AMBER,36,1,Delta wave,true,false
Inverclyde,2021-06-21,4.565,1.329,0.584,AMBER,28,2,Delta wave,true,false
Ironmill Bay,2021-06-21,4.689,1.236,0.584,AMBER,20,2,Delta wave,true,false
Kelso,2021-06-21,4.097,2.030,0.584,AMBER,8,2,Delta wave,true,false
Kirkcaldy,2021-06-21,5.234,2.036,0.584,AMBER,21,2,Delta wave,true,false
Kirkwall,2021-06-21,4.291,1.545,0.584,AMBER,23,2,Delta wave,true,false
Largs,2021-06-21,4.316,1.154,0.584,AMBER,15,2,Delta wave,true,false
Levenmouth,2021-06-21,4.436,1.003,0.584,AMBER,45,2,Delta wave,true,false
Linlithgow,2021-06-21,4.361,1.238,0.584,AMBER,26,2,Delta wave,true,false
Mauldslie,2021-06-21,4.686,1.196,0.584,AMBER,23,1,Delta wave,true,false
Nairn,2021-06-21,4.713,2.197,0.584,AMBER,27,1,Delta wave,true,false
Neilston,2021-06-21,4.199,1.061,0.584,AMBER,16,2,Delta wave,true,false
Newburgh,2021-06-21,4.453,2.547,0.584,AMBER,17,2,Delta wave,true,false
Newport & Tayport,2021-06-21,4.836,1.206,0.584,AMBER,16,2,Delta wave,true,false
Nigg,2021-06-21,5.085,1.750,0.584,AMBER,47,2,Delta wave,true,false
Paisley - Blackhall,2021-06-21,6.029,1.943,0.584,AMBER,11,2,Delta wave,true,false
Paisley - Brediland,2021-06-21,5.035,1.775,0.584,AMBER,9,1,Delta wave,true,false
Peebles,2021-06-21,3.870,2.227,0.584,AMBER,27,1,Delta wave,true,false
Peterhead,2021-06-21,3.644,1.021,0.584,AMBER,21,2,Delta wave,true,false
Shieldhall - Barrhead,2021-06-21,5.135,2.675,0.584,AMBER,11,2,Delta wave,true,false
Skellyton,2021-06-21,5.213,1.117,0.584,AMBER,18,1,Delta wave,true,false
Springfield,2021-06-21,4.228,1.278,0.584,AMBER,20,2,Delta wave,true,false
St Andrews,2021-06-21,4.800,1.284,0.584,AMBER,19,2,Delta wave,true,false
Stevenston,2021-06-21,4.564,1.077,0.584,AMBER,20,2,Delta wave,true,false
Stevenston - Stevenston East,2021-06-21,5.292,1.613,0.584,AMBER,9,2,Delta wave,true,false
Tillicoultry,2021-06-21,4.876,1.488,0.584,AMBER,18,1,Delta wave,true,false
Troqueer,2021-06-21,4.349,1.359,0.584,AMBER,30,2,Delta wave,true,false
Whitburn,2021-06-21,5.024,1.171,0.584,AMBER,27,2,Delta wave,true,false
Winchburgh,2021-06-21,4.807,1.270,0.584,AMBER,23,2,Delta wave,true,false
Allanfearn,2021-06-28,4.967,1.818,0.483,AMBER,47,3,Delta wave,true,false
Allers,2021-06-28,5.502,2.174,0.483,AMBER,25,1,Delta wave,true,false
Annan,2021-06-28,4.792,1.447,0.483,AMBER,29,1,Delta wave,true,false
Ardoch,2021-06-28,4.311,1.216,0.483,AMBER,19,2,Delta wave,true,false
Armadale,2021-06-28,5.472,1.523,0.483,AMBER,27,2,Delta wave,true,false
Banchory,2021-06-28,4.058,2.550,0.483,AMBER,9,2,Delta wave,true,false
Banff,2021-06-28,4.770,3.766,0.483,RED,11,2,Delta wave,true,true
Bathgate,2021-06-28,5.663,2.604,0.483,AMBER,25,2,Delta wave,true,false
Blackburn,2021-06-28,5.193,1.696,0.483,AMBER,27,2,Delta wave,true,false
Boness,2021-06-28,4.983,2.010,0.483,AMBER,19,2,Delta wave,true,false
Bonnybridge,2021-06-28,5.250,2.208,0.483,AMBER,19,2,Delta wave,true,false
Carbarns,2021-06-28,5.242,1.620,0.483,AMBER,44,1,Delta wave,true,false
Coldstream,2021-06-28,5.179,2.499,0.483,AMBER,14,2,Delta wave,true,false
Cumnock,2021-06-28,5.162,1.526,0.483,AMBER,18,1,Delta wave,true,false
Cupar,2021-06-28,5.074,2.139,0.483,AMBER,19,1,Delta wave,true,true
Dalmarnock,2021-06-28,5.327,1.919,0.483,AMBER,16,2,Delta wave,true,false
Dalmuir - Auchinairn (6298),2021-06-28,5.380,8.558,0.483,CRITICAL,11,2,Delta wave,true,true
Dalmuir - Auchinairn (6330),2021-06-28,4.970,1.447,0.483,AMBER,11,2,Delta wave,true,false
Dalmuir - Clydebank,2021-06-28,5.492,1.532,0.483,AMBER,9,2,Delta wave,true,false
Denny,2021-06-28,4.748,1.272,0.483,AMBER,19,2,Delta wave,true,false
Dunbar,2021-06-28,5.101,1.442,0.483,AMBER,13,1,Delta wave,true,false
Dunblane,2021-06-28,5.402,1.902,0.483,AMBER,13,2,Delta wave,true,false
Dunfermline,2021-06-28,5.462,1.626,0.483,AMBER,45,2,Delta wave,true,false
Dunnswood,2021-06-28,5.321,1.943,0.483,AMBER,18,1,Delta wave,true,false
Duns,2021-06-28,4.484,4.028,0.483,RED,14,2,Delta wave,true,true
Ellon,2021-06-28,4.051,1.366,0.483,AMBER,9,2,Delta wave,true,false
Fairlie,2021-06-28,3.492,1.012,0.483,AMBER,14,1,Delta wave,true,false
Falkirk,2021-06-28,5.181,1.722,0.483,AMBER,39,2,Delta wave,true,false
Fauldhouse,2021-06-28,5.398,1.425,0.483,AMBER,25,2,Delta wave,true,false
Forres,2021-06-28,5.279,2.972,0.483,AMBER,9,2,Delta wave,true,false
Fort William,2021-06-28,4.636,1.200,0.483,AMBER,31,2,Delta wave,true,true
Fraserburgh,2021-06-28,5.033,1.789,0.483,AMBER,21,2,Delta wave,true,false
Girvan,2021-06-28,4.656,3.376,0.483,AMBER,13,1,Delta wave,true,false
Guardbridge,2021-06-28,3.970,1.399,0.483,AMBER,15,1,Delta wave,true,false
Hamilton,2021-06-28,5.327,1.934,0.483,AMBER,41,2,Delta wave,true,false
Harthill,2021-06-28,5.149,1.505,0.483,AMBER,21,1,Delta wave,true,false
Hatton,2021-06-28,5.335,1.262,0.483,AMBER,43,2,Delta wave,true,false
Hatton - Fintry East,2021-06-28,7.353,3.876,0.483,RED,9,2,Delta wave,true,true
Hatton - Fintry North,2021-06-28,5.736,1.229,0.483,AMBER,8,1,Delta wave,true,false
Hatton - Fintry West,2021-06-28,5.701,1.254,0.483,AMBER,9,1,Delta wave,true,false
Hawick,2021-06-28,4.563,1.293,0.483,AMBER,37,1,Delta wave,true,false
Inverclyde,2021-06-28,4.972,1.672,0.483,AMBER,29,2,Delta wave,true,false
Inverurie,2021-06-28,4.459,1.026,0.483,AMBER,11,1,Delta wave,true,false
Ironmill Bay,2021-06-28,5.443,2.100,0.483,AMBER,21,2,Delta wave,true,false
Kelso,2021-06-28,4.650,2.158,0.483,AMBER,9,2,Delta wave,true,false
Kirkcaldy,2021-06-28,5.387,1.815,0.483,AMBER,22,2,Delta wave,true,true
Largs,2021-06-28,4.529,1.047,0.483,AMBER,16,2,Delta wave,true,false
Levenmouth,2021-06-28,5.190,2.056,0.483,AMBER,46,2,Delta wave,true,false
Linlithgow,2021-06-28,4.765,1.431,0.483,AMBER,27,2,Delta wave,true,false
Lockerbie,2021-06-28,4.547,2.810,0.483,AMBER,28,1,Delta wave,true,false
Maybole,2021-06-28,4.933,1.931,0.483,AMBER,15,1,Delta wave,true,false
Meadowhead - Kilmarnock HMP,2021-06-28,5.380,4.487,0.483,RED,8,2,Delta wave,true,false
Nairn,2021-06-28,4.944,1.940,0.483,AMBER,28,1,Delta wave,true,false
New Cumnock,2021-06-28,5.162,1.841,0.483,AMBER,20,1,Delta wave,true,false
Newburgh,2021-06-28,4.584,2.048,0.483,AMBER,18,1,Delta wave,true,false
Nigg,2021-06-28,5.430,1.789,0.483,AMBER,48,1,Delta wave,true,false
Paisley,2021-06-28,4.918,1.227,0.483,AMBER,19,1,Delta wave,true,false
Peebles,2021-06-28,3.952,1.923,0.483,AMBER,28,1,Delta wave,true,false
Peterhead,2021-06-28,3.961,1.232,0.483,AMBER,22,2,Delta wave,true,false
Philipshill,2021-06-28,5.270,1.415,0.483,AMBER,45,1,Delta wave,true,false
Seafield,2021-06-28,5.611,1.655,0.483,AMBER,41,2,Delta wave,true,false
Shieldhall - Barrhead,2021-06-28,5.365,2.153,0.483,AMBER,12,2,Delta wave,true,false
Shieldhall - Gorbals,2021-06-28,5.269,1.100,0.483,AMBER,12,2,Delta wave,true,false
Shotts,2021-06-28,4.994,1.801,0.483,AMBER,23,1,Delta wave,true,false
Stevenston - Stevenston East,2021-06-28,5.424,1.159,0.483,AMBER,10,2,Delta wave,true,false
Stevenston - Stevenston West,2021-06-28,4.767,1.785,0.483,AMBER,11,1,Delta wave,true,false
Stirling,2021-06-28,4.431,1.885,0.483,AMBER,36,1,Delta wave,true,false
Swinstie,2021-06-28,4.528,1.059,0.483,AMBER,19,1,Delta wave,true,false
Troqueer,2021-06-28,4.802,1.593,0.483,AMBER,31,1,Delta wave,true,false
Allanfearn,2021-07-05,5.194,1.603,0.505,AMBER,48,4,Delta wave,true,false
Allers,2021-07-05,5.438,1.433,0.505,AMBER,26,1,Delta wave,true,false
Annan,2021-07-05,5.485,1.985,0.505,AMBER,30,1,Delta wave,true,false
Ardoch,2021-07-05,4.895,1.897,0.505,AMBER,20,2,Delta wave,true,false
Banchory,2021-07-05,4.427,2.408,0.505,AMBER,10,2,Delta wave,true,false
Banff,2021-07-05,4.852,3.476,0.505,AMBER,12,3,Delta wave,true,false
Bathgate,2021-07-05,5.221,1.291,0.505,AMBER,26,2,Delta wave,true,false
Blackburn,2021-07-05,5.341,1.442,0.505,AMBER,28,2,Delta wave,true,false
Blackridge,2021-07-05,6.079,2.224,0.505,AMBER,28,2,Delta wave,true,false
Blackwood,2021-07-05,5.852,2.024,0.505,AMBER,20,1,Delta wave,true,false
Blairgowrie,2021-07-05,4.932,1.231,0.505,AMBER,16,1,Delta wave,true,false
Boness,2021-07-05,4.963,1.386,0.505,AMBER,20,1,Delta wave,true,false
Bonnybridge,2021-07-05,5.286,1.627,0.505,AMBER,20,2,Delta wave,true,false
Bothwellbank,2021-07-05,5.199,2.430,0.505,AMBER,25,1,Delta wave,true,false
Coldstream,2021-07-05,4.599,1.040,0.505,AMBER,15,2,Delta wave,true,false
Cumnock,2021-07-05,5.644,1.677,0.505,AMBER,19,1,Delta wave,true,false
Daldowie,2021-07-05,5.396,1.984,0.505,AMBER,25,1,Delta wave,true,false
Dalmarnock,2021-07-05,5.335,1.267,0.505,AMBER,17,2,Delta wave,true,false
Dalmuir,2021-07-05,5.334,1.239,0.505,AMBER,46,2,Delta wave,true,false
Dalmuir - Auchinairn (6298),2021-07-05,5.063,6.826,0.505,CRITICAL,12,1,Delta wave,true,true
Denny,2021-07-05,5.080,1.404,0.505,AMBER,20,2,Delta wave,true,false
Dunbar,2021-07-05,5.520,1.498,0.505,AMBER,14,1,Delta wave,true,false
Dunnswood,2021-07-05,5.547,1.732,0.505,AMBER,19,1,Delta wave,true,false
Duns,2021-07-05,4.129,2.624,0.505,AMBER,15,2,Delta wave,true,false
East Calder,2021-07-05,5.218,1.636,0.505,AMBER,28,2,Delta wave,true,false
Ellon,2021-07-05,4.351,1.361,0.505,AMBER,10,2,Delta wave,true,false
Falkirk,2021-07-05,5.122,1.055,0.505,AMBER,40,1,Delta wave,true,false
Fauldhouse,2021-07-05,5.720,1.361,0.505,AMBER,26,2,Delta wave,true,true
Forfar,2021-07-05,4.919,1.016,0.505,AMBER,16,2,Delta wave,true,false
Forres,2021-07-05,4.964,1.337,0.505,AMBER,10,2,Delta wave,true,false
Fraserburgh,2021-07-05,5.219,1.545,0.505,AMBER,22,2,Delta wave,true,false
Galashiels,2021-07-05,4.392,1.237,0.505,AMBER,32,1,Delta wave,true,false
Hamilton,2021-07-05,5.263,1.218,0.505,AMBER,42,2,Delta wave,true,false
Harthill,2021-07-05,5.227,1.063,0.505,AMBER,22,1,Delta wave,true,false
Hatton,2021-07-05,5.685,1.360,0.505,AMBER,44,3,Delta wave,true,false
Hatton - Fintry East,2021-07-05,6.076,1.858,0.505,AMBER,10,2,Delta wave,true,false
Hawick,2021-07-05,5.983,2.645,0.505,AMBER,38,1,Delta wave,true,true
Inverclyde,2021-07-05,5.003,1.184,0.505,AMBER,30,3,Delta wave,true,false
Inverurie,2021-07-05,5.463,2.390,0.505,AMBER,12,2,Delta wave,true,false
Kelso,2021-07-05,4.411,1.040,0.505,AMBER,10,2,Delta wave,true,false
Kincardine,2021-07-05,4.613,1.039,0.505,AMBER,19,1,Delta wave,true,false
Kirkcaldy,2021-07-05,5.459,1.347,0.505,AMBER,23,1,Delta wave,true,false
Lesmahagow,2021-07-05,4.932,1.271,0.505,AMBER,17,1,Delta wave,true,false
Levenmouth,2021-07-05,5.036,1.165,0.505,AMBER,47,1,Delta wave,true,false
Linlithgow,2021-07-05,5.109,1.452,0.505,AMBER,28,2,Delta wave,true,false
Lockerbie,2021-07-05,4.992,2.791,0.505,AMBER,29,2,Delta wave,true,true
Lossiemouth,2021-07-05,4.819,3.906,0.505,RED,21,3,Delta wave,true,false
Mauldslie,2021-07-05,4.957,1.377,0.505,AMBER,25,1,Delta wave,true,false
Meadowhead - Kilmarnock HMP,2021-07-05,4.697,2.327,0.505,AMBER,9,1,Delta wave,true,true
Nairn,2021-07-05,5.313,1.845,0.505,AMBER,29,1,Delta wave,true,false
Neilston,2021-07-05,5.429,2.762,0.505,AMBER,18,1,Delta wave,true,false
New Cumnock,2021-07-05,5.181,1.332,0.505,AMBER,21,1,Delta wave,true,false
Newburgh,2021-07-05,4.344,1.101,0.505,AMBER,19,1,Delta wave,true,false
Newtown St Boswell,2021-07-05,4.543,1.428,0.505,AMBER,14,2,Delta wave,true,false
Nigg,2021-07-05,5.592,1.421,0.505,AMBER,49,2,Delta wave,true,false
Paisley,2021-07-05,5.249,1.486,0.505,AMBER,20,2,Delta wave,true,false
Peebles,2021-07-05,4.672,3.099,0.505,AMBER,29,1,Delta wave,true,true
Shotts,2021-07-05,5.472,2.345,0.505,AMBER,24,1,Delta wave,true,false
St Andrews,2021-07-05,5.064,1.274,0.505,AMBER,20,1,Delta wave,true,false
Stirling,2021-07-05,4.873,2.168,0.505,AMBER,37,1,Delta wave,true,false
Stonehouse,2021-07-05,4.913,1.368,0.505,AMBER,23,1,Delta wave,true,false
Stornoway,2021-07-05,3.926,1.240,0.505,AMBER,9,1,Delta wave,true,false
Strathaven,2021-07-05,4.269,1.214,0.505,AMBER,20,1,Delta wave,true,false
Swinstie,2021-07-05,5.493,2.591,0.505,AMBER,20,1,Delta wave,true,false
Alloa,2021-07-12,5.319,1.544,0.692,AMBER,29,1,Delta wave,true,false
Banchory,2021-07-12,4.425,1.546,0.692,AMBER,11,2,Delta wave,true,true
Banff,2021-07-12,4.890,1.918,0.692,AMBER,13,1,Delta wave,true,false
Blackridge,2021-07-12,6.700,2.332,0.692,AMBER,29,1,Delta wave,true,false
Blackwood,2021-07-12,6.087,1.703,0.692,AMBER,21,1,Delta wave,true,false
Blairgowrie,2021-07-12,5.440,1.557,0.692,AMBER,17,1,Delta wave,true,false
Boness,2021-07-12,5.527,1.619,0.692,AMBER,21,1,Delta wave,true,false
Bothwellbank,2021-07-12,5.681,2.768,0.692,AMBER,26,1,Delta wave,true,false
Carbarns,2021-07-12,5.527,1.213,0.692,AMBER,46,1,Delta wave,true,false
Cupar,2021-07-12,4.762,1.030,0.692,AMBER,20,2,Delta wave,true,false
Dalmarnock,2021-07-12,5.517,1.149,0.692,AMBER,18,1,Delta wave,true,false
Dalmuir - Auchinairn (6298),2021-07-12,5.363,7.509,0.692,CRITICAL,13,1,Delta wave,true,true
Dunbar,2021-07-12,5.660,1.074,0.692,AMBER,15,1,Delta wave,true,false
Duns,2021-07-12,4.274,2.069,0.692,AMBER,16,1,Delta wave,true,false
Ellon,2021-07-12,4.596,1.187,0.692,AMBER,11,1,Delta wave,true,false
Forfar,2021-07-12,5.280,1.131,0.692,AMBER,17,2,Delta wave,true,false
Fort William,2021-07-12,4.973,1.182,0.692,AMBER,32,2,Delta wave,true,false
Fraserburgh,2021-07-12,5.481,1.395,0.692,AMBER,23,1,Delta wave,true,false
Kirkwall,2021-07-12,4.766,1.240,0.692,AMBER,26,1,Delta wave,true,false
Lesmahagow,2021-07-12,5.295,1.204,0.692,AMBER,18,1,Delta wave,true,false
Linlithgow,2021-07-12,5.459,1.412,0.692,AMBER,29,1,Delta wave,true,false
Lossiemouth,2021-07-12,4.847,3.512,0.692,RED,22,2,Delta wave,true,true
Meadowhead - Kilmarnock HMP,2021-07-12,5.086,2.084,0.692,AMBER,10,1,Delta wave,true,false
Neilston,2021-07-12,4.986,1.082,0.692,AMBER,19,1,Delta wave,true,false
Newburgh,2021-07-12,4.885,1.370,0.692,AMBER,20,2,Delta wave,true,true
Perth,2021-07-12,5.118,1.107,0.692,AMBER,21,2,Delta wave,true,false
Shieldhall - Barrhead,2021-07-12,5.341,1.290,0.692,AMBER,14,1,Delta wave,true,false
Springfield,2021-07-12,4.883,1.937,0.692,AMBER,22,2,Delta wave,true,false
Tillicoultry,2021-07-12,5.562,1.824,0.692,AMBER,21,1,Delta wave,true,false
Turriff,2021-07-12,4.093,2.199,0.692,AMBER,8,1,Delta wave,true,false
Whitburn,2021-07-12,5.677,1.214,0.692,AMBER,30,1,Delta wave,true,false
Winchburgh,2021-07-12,5.426,1.064,0.692,AMBER,26,1,Delta wave,true,false
Banchory,2021-07-19,4.832,1.580,0.857,AMBER,12,1,Delta wave,true,false
Banff,2021-07-19,5.024,1.366,0.857,AMBER,14,2,Delta wave,true,true
Dalbeattie,2021-07-19,4.806,1.902,0.857,AMBER,23,1,Delta wave,true,false
Daldowie,2021-07-19,5.464,1.534,0.857,AMBER,26,1,Delta wave,true,false
Dalmuir - Auchinairn (6298),2021-07-19,4.213,2.504,0.857,AMBER,14,2,Delta wave,true,false
Duns,2021-07-19,4.396,1.600,0.857,AMBER,17,2,Delta wave,true,true
Fairlie,2021-07-19,4.015,1.343,0.857,AMBER,17,1,Delta wave,true,false
Galashiels,2021-07-19,4.584,1.030,0.857,AMBER,33,1,Delta wave,true,false
Girvan,2021-07-19,5.117,2.990,0.857,AMBER,14,1,Delta wave,true,true
Helensburgh,2021-07-19,4.610,1.482,0.857,AMBER,38,1,Delta wave,true,false
Lockerbie,2021-07-19,4.541,1.303,0.857,AMBER,31,2,Delta wave,true,false
Lossiemouth,2021-07-19,4.843,2.414,0.857,AMBER,23,2,Delta wave,true,false
Mauldslie,2021-07-19,5.275,1.552,0.857,AMBER,26,1,Delta wave,true,false
Newtown St Boswell,2021-07-19,5.631,1.748,0.857,AMBER,16,2,Delta wave,true,false
Peebles,2021-07-19,4.155,1.220,0.857,AMBER,30,1,Delta wave,true,false
Shotts,2021-07-19,5.486,1.708,0.857,AMBER,25,1,Delta wave,true,false
Skellyton,2021-07-19,6.003,1.428,0.857,AMBER,20,1,Delta wave,true,false
Springfield,2021-07-19,4.835,1.236,0.857,AMBER,23,1,Delta wave,true,false
Stornoway,2021-07-19,4.468,1.767,0.857,AMBER,10,1,Delta wave,true,false
Strathaven,2021-07-19,4.902,2.053,0.857,AMBER,21,1,Delta wave,true,false
Swinstie,2021-07-19,5.275,1.496,0.857,AMBER,21,1,Delta wave,true,false
Tillicoultry,2021-07-19,5.590,1.245,0.857,AMBER,22,2,Delta wave,true,false
Stevenston - Stevenston West,2021-07-26,5.815,3.349,0.831,AMBER,15,1,Delta wave,false,false
Eyemouth,2021-08-02,4.889,2.639,0.947,AMBER,9,1,Delta wave,false,false
Alloa,2021-08-16,5.315,1.164,0.803,AMBER,33,2,Delta wave,true,false
Cupar,2021-08-16,5.360,1.039,0.803,AMBER,24,1,Delta wave,true,false
Dalbeattie,2021-08-16,5.889,2.347,0.803,AMBER,26,1,Delta wave,true,false
Dalmuir,2021-08-16,5.466,1.008,0.803,AMBER,52,2,Delta wave,true,false
Dalmuir - Auchinairn (6298),2021-08-16,5.425,1.535,0.803,AMBER,18,2,Delta wave,true,false
Dalmuir - Auchinairn (6330),2021-08-16,5.643,1.961,0.803,AMBER,18,2,Delta wave,true,false
Duns,2021-08-16,5.012,2.127,0.803,AMBER,19,1,Delta wave,true,false
East Calder,2021-08-16,5.481,1.519,0.803,AMBER,34,2,Delta wave,true,false
Galashiels,2021-08-16,5.495,1.501,0.803,AMBER,37,1,Delta wave,true,false
Meadowhead,2021-08-16,5.314,1.037,0.803,AMBER,48,3,Delta wave,true,false
Paisley,2021-08-16,5.451,1.212,0.803,AMBER,26,1,Delta wave,true,false
Peterhead,2021-08-16,4.746,1.224,0.803,AMBER,29,1,Delta wave,true,false
Stevenston,2021-08-16,5.332,1.649,0.803,AMBER,28,1,Delta wave,true,false
Stevenston - Stevenston East,2021-08-16,5.180,1.510,0.803,AMBER,17,1,Delta wave,true,false
Stevenston - Stevenston West,2021-08-16,5.200,1.147,0.803,AMBER,18,1,Delta wave,true,false
Troqueer,2021-08-16,5.545,1.435,0.803,AMBER,37,1,Delta wave,true,false
Turriff,2021-08-16,4.558,3.490,0.803,AMBER,11,1,Delta wave,true,false
Alloa,2021-08-23,5.532,1.228,0.656,AMBER,34,2,Delta wave,true,false
Annan,2021-08-23,5.714,1.074,0.656,AMBER,35,1,Delta wave,true,false
Banchory,2021-08-23,5.393,1.663,0.656,AMBER,17,1,Delta wave,true,false
Banff,2021-08-23,5.575,1.254,0.656,AMBER,17,1,Delta wave,true,false
Bowhouse,2021-08-23,5.341,1.150,0.656,AMBER,21,1,Delta wave,true,false
Dalbeattie,2021-08-23,5.818,1.429,0.656,AMBER,27,1,Delta wave,true,false
Dalmuir - Auchinairn (6330),2021-08-23,5.541,1.183,0.656,AMBER,19,2,Delta wave,true,false
Fairlie,2021-08-23,4.084,1.128,0.656,AMBER,21,2,Delta wave,true,false
Fauldhouse,2021-08-23,5.733,1.042,0.656,AMBER,31,1,Delta wave,true,false
Galashiels,2021-08-23,5.629,1.071,0.656,AMBER,38,1,Delta wave,true,false
Guardbridge,2021-08-23,4.878,1.308,0.656,AMBER,18,2,Delta wave,true,false
Huntly,2021-08-23,5.466,2.133,0.656,AMBER,12,2,Delta wave,true,false
Inverclyde - Gourock,2021-08-23,5.407,1.035,0.656,AMBER,19,2,Delta wave,true,false
Loch Ryan,2021-08-23,4.882,1.060,0.656,AMBER,12,2,Delta wave,true,false
Mauldslie,2021-08-23,5.511,1.208,0.656,AMBER,28,1,Delta wave,true,false
Nairn,2021-08-23,5.310,1.123,0.656,AMBER,34,1,Delta wave,true,false
Philipshill,2021-08-23,5.951,1.296,0.656,AMBER,53,1,Delta wave,true,false
Shieldhall - Gorbals,2021-08-23,5.480,1.540,0.656,AMBER,20,2,Delta wave,true,false
Shieldhall - Pollockshields West,2021-08-23,5.930,3.078,0.656,AMBER,11,2,Delta wave,true,false
Stevenston - Stevenston East,2021-08-23,5.257,1.099,0.656,AMBER,18,1,Delta wave,true,false
Stevenston - Stevenston West,2021-08-23,5.895,1.619,0.656,AMBER,19,1,Delta wave,true,true
Stirling,2021-08-23,5.028,1.106,0.656,AMBER,42,1,Delta wave,true,false
Stornoway,2021-08-23,4.928,1.317,0.656,AMBER,13,1,Delta wave,true,false
Turriff,2021-08-23,4.389,1.652,0.656,AMBER,12,1,Delta wave,true,false
Allers,2021-08-30,5.983,1.283,0.556,AMBER,30,1,Delta wave,true,false
Alva,2021-08-30,5.390,1.072,0.556,AMBER,24,2,Delta wave,true,false
Banff,2021-08-30,6.035,1.156,0.556,AMBER,18,3,Delta wave,true,false
Blackburn,2021-08-30,5.866,2.032,0.556,AMBER,33,2,Delta wave,true,false
Bothwellbank,2021-08-30,5.956,1.753,0.556,AMBER,29,1,Delta wave,true,true
Bowhouse,2021-08-30,5.671,1.028,0.556,AMBER,22,2,Delta wave,true,false
Dalmarnock,2021-08-30,5.916,1.254,0.556,AMBER,24,2,Delta wave,true,false
Dalmuir,2021-08-30,5.818,1.065,0.556,AMBER,54,2,Delta wave,true,false
Dunnswood,2021-08-30,5.945,1.735,0.556,AMBER,23,1,Delta wave,true,false
Eyemouth,2021-08-30,5.344,2.333,0.556,AMBER,11,2,Delta wave,true,false
Falkirk,2021-08-30,5.510,1.157,0.556,AMBER,48,2,Delta wave,true,false
Fauldhouse,2021-08-30,6.072,1.043,0.556,AMBER,32,1,Delta wave,true,false
Guardbridge,2021-08-30,5.294,1.328,0.556,AMBER,19,2,Delta wave,true,false
Hatton,2021-08-30,5.719,1.138,0.556,AMBER,52,3,Delta wave,true,false
Huntly,2021-08-30,5.404,1.288,0.556,AMBER,13,2,Delta wave,true,false
Inverurie,2021-08-30,5.756,1.501,0.556,AMBER,16,1,Delta wave,true,false
Kirkcaldy,2021-08-30,5.659,1.217,0.556,AMBER,29,2,Delta wave,true,false
Lesmahagow,2021-08-30,5.706,1.433,0.556,AMBER,22,1,Delta wave,true,false
Loch Ryan,2021-08-30,5.340,1.262,0.556,AMBER,13,2,Delta wave,true,false
Lossiemouth,2021-08-30,5.472,1.335,0.556,AMBER,29,3,Delta wave,true,false
Mauldslie,2021-08-30,5.973,1.531,0.556,AMBER,29,1,Delta wave,true,false
Maybole,2021-08-30,5.614,1.738,0.556,AMBER,19,1,Delta wave,true,false
Meadowhead,2021-08-30,5.869,1.352,0.556,AMBER,50,3,Delta wave,true,false
Meadowhead - Kilmarnock HMP,2021-08-30,4.979,1.413,0.556,AMBER,16,2,Delta wave,true,false
Neilston,2021-08-30,5.781,1.249,0.556,AMBER,22,2,Delta wave,true,false
Newport & Tayport,2021-08-30,5.637,1.542,0.556,AMBER,24,2,Delta wave,true,false
Paisley,2021-08-30,5.929,1.541,0.556,AMBER,27,2,Delta wave,true,false
Paisley - Blackhall,2021-08-30,5.798,1.040,0.556,AMBER,21,1,Delta wave,true,false
Perth,2021-08-30,5.586,1.144,0.556,AMBER,25,2,Delta wave,true,false
Peterhead,2021-08-30,4.981,1.085,0.556,AMBER,31,2,Delta wave,true,false
Sanquhar,2021-08-30,5.997,1.928,0.556,AMBER,15,1,Delta wave,true,false
Selkirk,2021-08-30,4.872,1.119,0.556,AMBER,8,2,Delta wave,true,false
Shieldhall - Pollockshields West,2021-08-30,6.046,2.265,0.556,AMBER,12,2,Delta wave,true,false
Springfield,2021-08-30,5.709,1.163,0.556,AMBER,26,2,Delta wave,true,false
Stonehouse,2021-08-30,5.625,1.890,0.556,AMBER,26,1,Delta wave,true,false
Strathaven,2021-08-30,5.612,2.499,0.556,AMBER,24,1,Delta wave,true,false
Swinstie,2021-08-30,6.133,2.021,0.556,AMBER,23,1,Delta wave,true,true
Turriff,2021-08-30,5.945,4.147,0.556,RED,13,2,Delta wave,true,true
Alva,2021-09-06,5.732,1.127,0.679,AMBER,25,2,Delta wave,true,false
Banchory,2021-09-06,5.790,1.192,0.679,AMBER,19,2,Delta wave,true,false
Bothwellbank,2021-09-06,6.114,1.335,0.679,AMBER,30,1,Delta wave,true,false
Carbarns,2021-09-06,6.525,1.487,0.679,AMBER,54,1,Delta wave,true,false
Dalmuir,2021-09-06,6.161,1.180,0.679,AMBER,55,2,Delta wave,true,false
Dunfermline,2021-09-06,6.288,1.020,0.679,AMBER,55,2,Delta wave,true,false
Dunnswood,2021-09-06,6.260,1.577,0.679,AMBER,24,1,Delta wave,true,false
Forfar,2021-09-06,5.504,1.026,0.679,AMBER,25,1,Delta wave,true,false
Girvan,2021-09-06,5.565,1.855,0.679,AMBER,16,1,Delta wave,true,false
Hamilton,2021-09-06,6.393,1.158,0.679,AMBER,51,2,Delta wave,true,false
Hatton - Fintry East,2021-09-06,6.145,1.926,0.679,AMBER,18,1,Delta wave,true,false
Hatton - Fintry North,2021-09-06,6.213,1.351,0.679,AMBER,18,1,Delta wave,true,false
Helensburgh,2021-09-06,5.990,4.099,0.679,RED,44,1,Delta wave,true,false
Inverurie,2021-09-06,5.899,1.080,0.679,AMBER,17,2,Delta wave,true,false
Kirkcaldy,2021-09-06,6.069,1.536,0.679,AMBER,30,2,Delta wave,true,false
Lanark,2021-09-06,5.899,1.339,0.679,AMBER,28,1,Delta wave,true,false
Langholm,2021-09-06,6.214,3.904,0.679,RED,9,1,Delta wave,true,false
Largs,2021-09-06,5.012,1.168,0.679,AMBER,22,2,Delta wave,true,false
Maybole,2021-09-06,5.587,1.082,0.679,AMBER,20,1,Delta wave,true,false
Meadowhead - Kilmarnock HMP,2021-09-06,5.474,1.624,0.679,AMBER,17,1,Delta wave,true,false
New Cumnock,2021-09-06,5.541,1.068,0.679,AMBER,26,1,Delta wave,true,false
Newport & Tayport,2021-09-06,6.226,1.677,0.679,AMBER,25,1,Delta wave,true,false
Springfield,2021-09-06,6.088,1.061,0.679,AMBER,27,1,Delta wave,true,false
St Andrews,2021-09-06,5.664,1.125,0.679,AMBER,26,2,Delta wave,true,false
Stonehouse,2021-09-06,5.627,1.227,0.679,AMBER,27,1,Delta wave,true,false
Turriff,2021-09-06,5.769,3.307,0.679,AMBER,14,1,Delta wave,true,false
Whitburn,2021-09-06,6.204,1.124,0.679,AMBER,34,1,Delta wave,true,false
Helensburgh,2021-09-13,4.867,1.541,0.852,AMBER,45,1,Delta wave,false,true
Langholm,2021-09-13,5.667,2.205,0.852,AMBER,10,1,Delta wave,false,true
Meadowhead - Kilmarnock HMP,2021-09-27,6.712,2.708,0.930,AMBER,18,1,Delta wave,false,false
Fraserburgh,2021-12-27,5.776,1.594,0.806,AMBER,44,1,Omicron wave,true,false
Huntly,2021-12-27,5.898,1.545,0.806,AMBER,26,1,Omicron wave,true,false
Inverclyde,2021-12-27,5.496,1.087,0.806,AMBER,53,1,Omicron wave,true,false
Meadowhead,2021-12-27,5.573,1.026,0.806,AMBER,67,1,Omicron wave,true,false
Peterhead,2021-12-27,5.538,1.161,0.806,AMBER,47,1,Omicron wave,true,false
Shieldhall,2021-12-27,5.793,1.074,0.806,AMBER,79,1,Omicron wave,true,false
Stonehouse,2021-12-27,5.614,1.008,0.806,AMBER,36,1,Omicron wave,true,false
Seafield - Restalrig,2022-02-07,6.161,3.447,0.971,AMBER,9,1,,false,false
